-- MySQL dump 10.13  Distrib 8.0.23, for Linux (x86_64)
--
-- Host: localhost    Database: tiw-project
-- ------------------------------------------------------
-- Server version	8.0.23-0ubuntu0.20.04.1

/*!40101 SET @OLD_CHARACTER_SET_CLIENT=@@CHARACTER_SET_CLIENT */;
/*!40101 SET @OLD_CHARACTER_SET_RESULTS=@@CHARACTER_SET_RESULTS */;
/*!40101 SET @OLD_COLLATION_CONNECTION=@@COLLATION_CONNECTION */;
/*!50503 SET NAMES utf8 */;
/*!40103 SET @OLD_TIME_ZONE=@@TIME_ZONE */;
/*!40103 SET TIME_ZONE='+00:00' */;
/*!40014 SET @OLD_UNIQUE_CHECKS=@@UNIQUE_CHECKS, UNIQUE_CHECKS=0 */;
/*!40014 SET @OLD_FOREIGN_KEY_CHECKS=@@FOREIGN_KEY_CHECKS, FOREIGN_KEY_CHECKS=0 */;
/*!40101 SET @OLD_SQL_MODE=@@SQL_MODE, SQL_MODE='NO_AUTO_VALUE_ON_ZERO' */;
/*!40111 SET @OLD_SQL_NOTES=@@SQL_NOTES, SQL_NOTES=0 */;

--
-- Dumping data for table `attend`
--

LOCK TABLES `attend` WRITE;
/*!40000 ALTER TABLE `attend` DISABLE KEYS */;
INSERT INTO `attend` VALUES (7,1,2019),(15,1,2019),(29,1,2019),(31,1,2019),(37,1,2019),(38,1,2019),(39,1,2019),(49,1,2019),(55,1,2019),(56,1,2019),(60,1,2019),(63,1,2019),(89,1,2019),(100,1,2019),(120,1,2019),(124,1,2019),(128,1,2019),(134,1,2019),(137,1,2019),(142,1,2019),(145,1,2019),(149,1,2019),(152,1,2019),(159,1,2019),(1,1,2020),(3,1,2020),(5,1,2020),(6,1,2020),(8,1,2020),(9,1,2020),(12,1,2020),(15,1,2020),(16,1,2020),(19,1,2020),(22,1,2020),(25,1,2020),(29,1,2020),(32,1,2020),(33,1,2020),(38,1,2020),(41,1,2020),(42,1,2020),(45,1,2020),(47,1,2020),(48,1,2020),(50,1,2020),(51,1,2020),(53,1,2020),(55,1,2020),(60,1,2020),(64,1,2020),(65,1,2020),(67,1,2020),(68,1,2020),(73,1,2020),(74,1,2020),(78,1,2020),(85,1,2020),(87,1,2020),(88,1,2020),(89,1,2020),(91,1,2020),(94,1,2020),(98,1,2020),(99,1,2020),(103,1,2020),(105,1,2020),(107,1,2020),(108,1,2020),(110,1,2020),(112,1,2020),(114,1,2020),(121,1,2020),(122,1,2020),(124,1,2020),(125,1,2020),(128,1,2020),(131,1,2020),(135,1,2020),(143,1,2020),(144,1,2020),(146,1,2020),(150,1,2020),(153,1,2020),(154,1,2020),(156,1,2020),(157,1,2020),(159,1,2020),(3,2,2019),(4,2,2019),(15,2,2019),(19,2,2019),(31,2,2019),(36,2,2019),(41,2,2019),(45,2,2019),(46,2,2019),(88,2,2019),(101,2,2019),(102,2,2019),(108,2,2019),(123,2,2019),(140,2,2019),(141,2,2019),(145,2,2019),(1,2,2020),(3,2,2020),(10,2,2020),(16,2,2020),(20,2,2020),(24,2,2020),(25,2,2020),(30,2,2020),(41,2,2020),(43,2,2020),(44,2,2020),(46,2,2020),(47,2,2020),(51,2,2020),(53,2,2020),(54,2,2020),(58,2,2020),(59,2,2020),(60,2,2020),(66,2,2020),(68,2,2020),(71,2,2020),(74,2,2020),(76,2,2020),(84,2,2020),(86,2,2020),(88,2,2020),(89,2,2020),(95,2,2020),(97,2,2020),(98,2,2020),(102,2,2020),(103,2,2020),(104,2,2020),(106,2,2020),(116,2,2020),(122,2,2020),(124,2,2020),(126,2,2020),(127,2,2020),(128,2,2020),(133,2,2020),(140,2,2020),(141,2,2020),(142,2,2020),(145,2,2020),(148,2,2020),(149,2,2020),(152,2,2020),(154,2,2020),(159,2,2020),(3,3,2019),(11,3,2019),(16,3,2019),(32,3,2019),(40,3,2019),(50,3,2019),(54,3,2019),(61,3,2019),(63,3,2019),(77,3,2019),(87,3,2019),(109,3,2019),(110,3,2019),(116,3,2019),(126,3,2019),(127,3,2019),(130,3,2019),(138,3,2019),(148,3,2019),(158,3,2019),(4,3,2020),(7,3,2020),(9,3,2020),(11,3,2020),(17,3,2020),(18,3,2020),(20,3,2020),(21,3,2020),(26,3,2020),(29,3,2020),(31,3,2020),(34,3,2020),(35,3,2020),(42,3,2020),(44,3,2020),(46,3,2020),(47,3,2020),(50,3,2020),(52,3,2020),(57,3,2020),(58,3,2020),(74,3,2020),(76,3,2020),(77,3,2020),(87,3,2020),(92,3,2020),(93,3,2020),(94,3,2020),(103,3,2020),(104,3,2020),(107,3,2020),(109,3,2020),(110,3,2020),(113,3,2020),(115,3,2020),(116,3,2020),(120,3,2020),(121,3,2020),(122,3,2020),(125,3,2020),(126,3,2020),(127,3,2020),(132,3,2020),(134,3,2020),(136,3,2020),(137,3,2020),(138,3,2020),(139,3,2020),(140,3,2020),(142,3,2020),(144,3,2020),(148,3,2020),(151,3,2020),(153,3,2020),(155,3,2020),(156,3,2020),(157,3,2020),(158,3,2020),(14,4,2019),(29,4,2019),(45,4,2019),(47,4,2019),(52,4,2019),(57,4,2019),(61,4,2019),(66,4,2019),(75,4,2019),(86,4,2019),(92,4,2019),(117,4,2019),(119,4,2019),(125,4,2019),(129,4,2019),(133,4,2019),(135,4,2019),(141,4,2019),(142,4,2019),(1,4,2020),(2,4,2020),(4,4,2020),(13,4,2020),(14,4,2020),(19,4,2020),(28,4,2020),(31,4,2020),(32,4,2020),(33,4,2020),(38,4,2020),(40,4,2020),(43,4,2020),(49,4,2020),(50,4,2020),(52,4,2020),(57,4,2020),(61,4,2020),(69,4,2020),(70,4,2020),(73,4,2020),(75,4,2020),(76,4,2020),(80,4,2020),(81,4,2020),(82,4,2020),(83,4,2020),(84,4,2020),(90,4,2020),(91,4,2020),(93,4,2020),(94,4,2020),(95,4,2020),(96,4,2020),(97,4,2020),(100,4,2020),(103,4,2020),(107,4,2020),(110,4,2020),(113,4,2020),(114,4,2020),(120,4,2020),(121,4,2020),(129,4,2020),(130,4,2020),(132,4,2020),(133,4,2020),(138,4,2020),(140,4,2020),(141,4,2020),(142,4,2020),(145,4,2020),(147,4,2020),(149,4,2020),(151,4,2020),(153,4,2020),(155,4,2020),(156,4,2020),(23,5,2019),(27,5,2019),(35,5,2019),(40,5,2019),(42,5,2019),(44,5,2019),(48,5,2019),(72,5,2019),(85,5,2019),(87,5,2019),(93,5,2019),(110,5,2019),(126,5,2019),(153,5,2019),(157,5,2019),(159,5,2019),(2,5,2020),(4,5,2020),(5,5,2020),(6,5,2020),(7,5,2020),(10,5,2020),(15,5,2020),(16,5,2020),(17,5,2020),(19,5,2020),(23,5,2020),(25,5,2020),(26,5,2020),(32,5,2020),(33,5,2020),(34,5,2020),(35,5,2020),(38,5,2020),(44,5,2020),(48,5,2020),(51,5,2020),(52,5,2020),(53,5,2020),(56,5,2020),(58,5,2020),(61,5,2020),(62,5,2020),(70,5,2020),(71,5,2020),(74,5,2020),(75,5,2020),(77,5,2020),(79,5,2020),(84,5,2020),(90,5,2020),(91,5,2020),(93,5,2020),(98,5,2020),(100,5,2020),(101,5,2020),(107,5,2020),(109,5,2020),(110,5,2020),(111,5,2020),(113,5,2020),(118,5,2020),(119,5,2020),(120,5,2020),(123,5,2020),(124,5,2020),(136,5,2020),(137,5,2020),(140,5,2020),(142,5,2020),(151,5,2020),(155,5,2020),(159,5,2020),(2,6,2019),(9,6,2019),(17,6,2019),(24,6,2019),(58,6,2019),(65,6,2019),(67,6,2019),(68,6,2019),(70,6,2019),(74,6,2019),(82,6,2019),(96,6,2019),(97,6,2019),(100,6,2019),(103,6,2019),(107,6,2019),(121,6,2019),(132,6,2019),(139,6,2019),(150,6,2019),(151,6,2019),(154,6,2019),(155,6,2019),(1,6,2020),(6,6,2020),(7,6,2020),(9,6,2020),(11,6,2020),(12,6,2020),(13,6,2020),(22,6,2020),(23,6,2020),(24,6,2020),(28,6,2020),(29,6,2020),(30,6,2020),(31,6,2020),(33,6,2020),(34,6,2020),(36,6,2020),(39,6,2020),(40,6,2020),(41,6,2020),(42,6,2020),(43,6,2020),(52,6,2020),(54,6,2020),(55,6,2020),(57,6,2020),(59,6,2020),(60,6,2020),(65,6,2020),(66,6,2020),(67,6,2020),(68,6,2020),(75,6,2020),(78,6,2020),(79,6,2020),(82,6,2020),(83,6,2020),(85,6,2020),(87,6,2020),(96,6,2020),(98,6,2020),(99,6,2020),(101,6,2020),(102,6,2020),(104,6,2020),(105,6,2020),(106,6,2020),(108,6,2020),(117,6,2020),(118,6,2020),(121,6,2020),(125,6,2020),(126,6,2020),(129,6,2020),(134,6,2020),(135,6,2020),(136,6,2020),(137,6,2020),(139,6,2020),(143,6,2020),(145,6,2020),(146,6,2020),(150,6,2020),(158,6,2020),(159,6,2020),(12,7,2019),(21,7,2019),(30,7,2019),(36,7,2019),(43,7,2019),(49,7,2019),(53,7,2019),(68,7,2019),(73,7,2019),(79,7,2019),(88,7,2019),(91,7,2019),(108,7,2019),(139,7,2019),(146,7,2019),(147,7,2019),(5,7,2020),(8,7,2020),(10,7,2020),(14,7,2020),(16,7,2020),(18,7,2020),(19,7,2020),(20,7,2020),(22,7,2020),(24,7,2020),(27,7,2020),(31,7,2020),(33,7,2020),(48,7,2020),(49,7,2020),(51,7,2020),(52,7,2020),(56,7,2020),(58,7,2020),(70,7,2020),(74,7,2020),(76,7,2020),(78,7,2020),(79,7,2020),(80,7,2020),(82,7,2020),(83,7,2020),(85,7,2020),(88,7,2020),(90,7,2020),(91,7,2020),(92,7,2020),(95,7,2020),(97,7,2020),(102,7,2020),(105,7,2020),(107,7,2020),(108,7,2020),(109,7,2020),(110,7,2020),(117,7,2020),(123,7,2020),(124,7,2020),(125,7,2020),(130,7,2020),(131,7,2020),(138,7,2020),(139,7,2020),(145,7,2020),(147,7,2020),(148,7,2020),(149,7,2020),(150,7,2020),(152,7,2020),(155,7,2020),(9,8,2019),(12,8,2019),(18,8,2019),(21,8,2019),(25,8,2019),(26,8,2019),(34,8,2019),(42,8,2019),(56,8,2019),(76,8,2019),(80,8,2019),(83,8,2019),(95,8,2019),(102,8,2019),(104,8,2019),(106,8,2019),(119,8,2019),(125,8,2019),(138,8,2019),(154,8,2019),(156,8,2019),(6,8,2020),(7,8,2020),(8,8,2020),(10,8,2020),(14,8,2020),(15,8,2020),(18,8,2020),(20,8,2020),(21,8,2020),(22,8,2020),(25,8,2020),(27,8,2020),(30,8,2020),(35,8,2020),(36,8,2020),(45,8,2020),(46,8,2020),(48,8,2020),(49,8,2020),(57,8,2020),(58,8,2020),(65,8,2020),(66,8,2020),(67,8,2020),(71,8,2020),(74,8,2020),(76,8,2020),(77,8,2020),(78,8,2020),(81,8,2020),(82,8,2020),(83,8,2020),(85,8,2020),(91,8,2020),(94,8,2020),(96,8,2020),(103,8,2020),(104,8,2020),(105,8,2020),(106,8,2020),(108,8,2020),(109,8,2020),(112,8,2020),(113,8,2020),(114,8,2020),(117,8,2020),(120,8,2020),(123,8,2020),(125,8,2020),(127,8,2020),(131,8,2020),(132,8,2020),(134,8,2020),(136,8,2020),(137,8,2020),(139,8,2020),(142,8,2020),(144,8,2020),(146,8,2020),(147,8,2020),(149,8,2020),(152,8,2020),(154,8,2020),(158,8,2020),(8,9,2019),(10,9,2019),(13,9,2019),(14,9,2019),(16,9,2019),(22,9,2019),(26,9,2019),(38,9,2019),(59,9,2019),(62,9,2019),(76,9,2019),(80,9,2019),(81,9,2019),(85,9,2019),(90,9,2019),(105,9,2019),(112,9,2019),(116,9,2019),(118,9,2019),(122,9,2019),(129,9,2019),(131,9,2019),(150,9,2019),(1,9,2020),(2,9,2020),(8,9,2020),(9,9,2020),(10,9,2020),(12,9,2020),(15,9,2020),(16,9,2020),(20,9,2020),(21,9,2020),(26,9,2020),(28,9,2020),(30,9,2020),(32,9,2020),(34,9,2020),(36,9,2020),(38,9,2020),(45,9,2020),(49,9,2020),(50,9,2020),(51,9,2020),(53,9,2020),(54,9,2020),(55,9,2020),(59,9,2020),(62,9,2020),(69,9,2020),(72,9,2020),(73,9,2020),(76,9,2020),(77,9,2020),(82,9,2020),(83,9,2020),(86,9,2020),(88,9,2020),(89,9,2020),(90,9,2020),(94,9,2020),(101,9,2020),(104,9,2020),(108,9,2020),(109,9,2020),(114,9,2020),(115,9,2020),(116,9,2020),(117,9,2020),(118,9,2020),(123,9,2020),(125,9,2020),(126,9,2020),(128,9,2020),(129,9,2020),(131,9,2020),(133,9,2020),(134,9,2020),(137,9,2020),(144,9,2020),(147,9,2020),(151,9,2020),(152,9,2020),(154,9,2020),(157,9,2020),(159,9,2020),(1,10,2019),(5,10,2019),(7,10,2019),(10,10,2019),(20,10,2019),(46,10,2019),(50,10,2019),(53,10,2019),(62,10,2019),(66,10,2019),(71,10,2019),(73,10,2019),(98,10,2019),(101,10,2019),(111,10,2019),(115,10,2019),(131,10,2019),(134,10,2019),(136,10,2019),(146,10,2019),(151,10,2019),(156,10,2019),(5,10,2020),(13,10,2020),(15,10,2020),(18,10,2020),(19,10,2020),(23,10,2020),(24,10,2020),(29,10,2020),(37,10,2020),(39,10,2020),(40,10,2020),(42,10,2020),(48,10,2020),(49,10,2020),(55,10,2020),(57,10,2020),(59,10,2020),(69,10,2020),(70,10,2020),(73,10,2020),(75,10,2020),(81,10,2020),(84,10,2020),(85,10,2020),(86,10,2020),(87,10,2020),(90,10,2020),(92,10,2020),(93,10,2020),(94,10,2020),(95,10,2020),(100,10,2020),(101,10,2020),(104,10,2020),(106,10,2020),(111,10,2020),(114,10,2020),(115,10,2020),(116,10,2020),(118,10,2020),(119,10,2020),(122,10,2020),(123,10,2020),(126,10,2020),(129,10,2020),(130,10,2020),(134,10,2020),(135,10,2020),(138,10,2020),(141,10,2020),(148,10,2020),(153,10,2020),(5,11,2019),(28,11,2019),(30,11,2019),(32,11,2019),(33,11,2019),(47,11,2019),(52,11,2019),(70,11,2019),(77,11,2019),(78,11,2019),(91,11,2019),(92,11,2019),(94,11,2019),(95,11,2019),(115,11,2019),(117,11,2019),(122,11,2019),(124,11,2019),(127,11,2019),(140,11,2019),(144,11,2019),(147,11,2019),(3,11,2020),(8,11,2020),(11,11,2020),(12,11,2020),(13,11,2020),(17,11,2020),(25,11,2020),(26,11,2020),(37,11,2020),(39,11,2020),(41,11,2020),(45,11,2020),(46,11,2020),(55,11,2020),(60,11,2020),(61,11,2020),(63,11,2020),(64,11,2020),(65,11,2020),(66,11,2020),(68,11,2020),(69,11,2020),(71,11,2020),(72,11,2020),(78,11,2020),(79,11,2020),(81,11,2020),(86,11,2020),(89,11,2020),(100,11,2020),(101,11,2020),(105,11,2020),(106,11,2020),(109,11,2020),(111,11,2020),(112,11,2020),(117,11,2020),(119,11,2020),(127,11,2020),(128,11,2020),(130,11,2020),(132,11,2020),(133,11,2020),(135,11,2020),(139,11,2020),(141,11,2020),(146,11,2020),(147,11,2020),(150,11,2020),(152,11,2020),(156,11,2020),(6,12,2019),(13,12,2019),(23,12,2019),(25,12,2019),(28,12,2019),(34,12,2019),(48,12,2019),(55,12,2019),(58,12,2019),(59,12,2019),(64,12,2019),(69,12,2019),(72,12,2019),(79,12,2019),(84,12,2019),(93,12,2019),(96,12,2019),(105,12,2019),(111,12,2019),(137,12,2019),(5,12,2020),(7,12,2020),(14,12,2020),(15,12,2020),(16,12,2020),(17,12,2020),(23,12,2020),(26,12,2020),(27,12,2020),(28,12,2020),(29,12,2020),(30,12,2020),(31,12,2020),(34,12,2020),(36,12,2020),(38,12,2020),(41,12,2020),(43,12,2020),(44,12,2020),(45,12,2020),(56,12,2020),(59,12,2020),(62,12,2020),(63,12,2020),(64,12,2020),(66,12,2020),(70,12,2020),(72,12,2020),(75,12,2020),(77,12,2020),(78,12,2020),(79,12,2020),(80,12,2020),(81,12,2020),(92,12,2020),(93,12,2020),(95,12,2020),(96,12,2020),(97,12,2020),(98,12,2020),(99,12,2020),(100,12,2020),(106,12,2020),(107,12,2020),(111,12,2020),(112,12,2020),(113,12,2020),(114,12,2020),(115,12,2020),(121,12,2020),(124,12,2020),(129,12,2020),(131,12,2020),(133,12,2020),(142,12,2020),(147,12,2020),(150,12,2020),(157,12,2020),(1,13,2019),(2,13,2019),(43,13,2019),(44,13,2019),(51,13,2019),(75,13,2019),(89,13,2019),(98,13,2019),(103,13,2019),(104,13,2019),(114,13,2019),(120,13,2019),(123,13,2019),(136,13,2019),(143,13,2019),(148,13,2019),(153,13,2019),(1,13,2020),(3,13,2020),(4,13,2020),(5,13,2020),(6,13,2020),(9,13,2020),(11,13,2020),(12,13,2020),(17,13,2020),(18,13,2020),(20,13,2020),(21,13,2020),(22,13,2020),(23,13,2020),(26,13,2020),(28,13,2020),(31,13,2020),(32,13,2020),(34,13,2020),(35,13,2020),(36,13,2020),(37,13,2020),(42,13,2020),(50,13,2020),(51,13,2020),(52,13,2020),(55,13,2020),(56,13,2020),(62,13,2020),(63,13,2020),(64,13,2020),(65,13,2020),(66,13,2020),(67,13,2020),(68,13,2020),(71,13,2020),(72,13,2020),(77,13,2020),(79,13,2020),(80,13,2020),(81,13,2020),(87,13,2020),(88,13,2020),(92,13,2020),(93,13,2020),(99,13,2020),(103,13,2020),(105,13,2020),(111,13,2020),(112,13,2020),(113,13,2020),(120,13,2020),(122,13,2020),(126,13,2020),(127,13,2020),(128,13,2020),(141,13,2020),(143,13,2020),(144,13,2020),(146,13,2020),(148,13,2020),(150,13,2020),(153,13,2020),(154,13,2020),(157,13,2020),(158,13,2020),(8,14,2019),(11,14,2019),(17,14,2019),(19,14,2019),(20,14,2019),(33,14,2019),(35,14,2019),(37,14,2019),(41,14,2019),(54,14,2019),(60,14,2019),(65,14,2019),(74,14,2019),(83,14,2019),(90,14,2019),(99,14,2019),(106,14,2019),(107,14,2019),(118,14,2019),(132,14,2019),(144,14,2019),(2,14,2020),(3,14,2020),(8,14,2020),(11,14,2020),(17,14,2020),(19,14,2020),(21,14,2020),(22,14,2020),(23,14,2020),(24,14,2020),(25,14,2020),(27,14,2020),(29,14,2020),(36,14,2020),(37,14,2020),(39,14,2020),(40,14,2020),(43,14,2020),(44,14,2020),(47,14,2020),(48,14,2020),(54,14,2020),(59,14,2020),(61,14,2020),(62,14,2020),(63,14,2020),(64,14,2020),(67,14,2020),(72,14,2020),(73,14,2020),(75,14,2020),(84,14,2020),(88,14,2020),(89,14,2020),(99,14,2020),(102,14,2020),(108,14,2020),(110,14,2020),(112,14,2020),(115,14,2020),(118,14,2020),(119,14,2020),(121,14,2020),(124,14,2020),(127,14,2020),(128,14,2020),(130,14,2020),(134,14,2020),(135,14,2020),(136,14,2020),(137,14,2020),(140,14,2020),(143,14,2020),(144,14,2020),(145,14,2020),(146,14,2020),(149,14,2020),(151,14,2020),(154,14,2020),(155,14,2020),(156,14,2020),(158,14,2020),(159,14,2020),(18,15,2019),(27,15,2019),(39,15,2019),(64,15,2019),(71,15,2019),(78,15,2019),(86,15,2019),(109,15,2019),(112,15,2019),(113,15,2019),(130,15,2019),(133,15,2019),(135,15,2019),(143,15,2019),(155,15,2019),(157,15,2019),(158,15,2019),(2,15,2020),(4,15,2020),(7,15,2020),(10,15,2020),(13,15,2020),(14,15,2020),(21,15,2020),(24,15,2020),(27,15,2020),(33,15,2020),(35,15,2020),(37,15,2020),(39,15,2020),(40,15,2020),(43,15,2020),(44,15,2020),(46,15,2020),(47,15,2020),(53,15,2020),(54,15,2020),(56,15,2020),(57,15,2020),(60,15,2020),(61,15,2020),(62,15,2020),(63,15,2020),(64,15,2020),(67,15,2020),(69,15,2020),(70,15,2020),(72,15,2020),(80,15,2020),(82,15,2020),(83,15,2020),(85,15,2020),(86,15,2020),(87,15,2020),(90,15,2020),(91,15,2020),(96,15,2020),(97,15,2020),(98,15,2020),(99,15,2020),(100,15,2020),(102,15,2020),(115,15,2020),(116,15,2020),(117,15,2020),(119,15,2020),(122,15,2020),(123,15,2020),(130,15,2020),(132,15,2020),(133,15,2020),(136,15,2020),(138,15,2020),(141,15,2020),(143,15,2020),(153,15,2020),(155,15,2020),(156,15,2020),(158,15,2020),(4,16,2019),(6,16,2019),(22,16,2019),(24,16,2019),(51,16,2019),(57,16,2019),(67,16,2019),(69,16,2019),(81,16,2019),(82,16,2019),(84,16,2019),(94,16,2019),(97,16,2019),(99,16,2019),(113,16,2019),(114,16,2019),(121,16,2019),(128,16,2019),(149,16,2019),(152,16,2019),(2,16,2020),(3,16,2020),(4,16,2020),(6,16,2020),(9,16,2020),(11,16,2020),(12,16,2020),(13,16,2020),(14,16,2020),(18,16,2020),(27,16,2020),(28,16,2020),(30,16,2020),(32,16,2020),(35,16,2020),(37,16,2020),(38,16,2020),(39,16,2020),(40,16,2020),(41,16,2020),(42,16,2020),(45,16,2020),(46,16,2020),(47,16,2020),(49,16,2020),(50,16,2020),(53,16,2020),(54,16,2020),(56,16,2020),(58,16,2020),(60,16,2020),(61,16,2020),(63,16,2020),(65,16,2020),(68,16,2020),(69,16,2020),(71,16,2020),(73,16,2020),(80,16,2020),(84,16,2020),(86,16,2020),(89,16,2020),(92,16,2020),(95,16,2020),(96,16,2020),(97,16,2020),(101,16,2020),(102,16,2020),(111,16,2020),(116,16,2020),(118,16,2020),(119,16,2020),(120,16,2020),(129,16,2020),(131,16,2020),(132,16,2020),(135,16,2020),(138,16,2020),(139,16,2020),(140,16,2020),(143,16,2020),(145,16,2020),(148,16,2020),(149,16,2020),(151,16,2020),(152,16,2020),(157,16,2020);
/*!40000 ALTER TABLE `attend` ENABLE KEYS */;
UNLOCK TABLES;

--
-- Dumping data for table `course`
--

LOCK TABLES `course` WRITE;
/*!40000 ALTER TABLE `course` DISABLE KEYS */;
INSERT INTO `course` VALUES (1,'Analisi Matematica 1',10,'1'),(2,'Geometria e Algebra Lineare',8,'1'),(3,'Fisica',12,'2'),(4,'Elettrotecnica',10,'2'),(5,'Analisi Matematica 2',10,'1'),(6,'Architettura dei Calcolatori e Sistemi Operativi',10,'1'),(7,'Probabilità e Statistica',10,'2'),(8,'Fondamenti di Automatica',10,'2'),(9,'DataBase 1',5,'1'),(10,'Elettronica',10,'1'),(11,'Meccanica',5,'2'),(12,'Fisica Tecnica',5,'2'),(13,'DataBase 2',5,'1'),(14,'Formal Languages and Compilers',5,'1'),(15,'Computer Graphics',5,'2'),(16,'Tecnologie Informatiche per il Web',5,'2');
/*!40000 ALTER TABLE `course` ENABLE KEYS */;
UNLOCK TABLES;

--
-- Dumping data for table `course_details`
--

LOCK TABLES `course_details` WRITE;
/*!40000 ALTER TABLE `course_details` DISABLE KEYS */;
INSERT INTO `course_details` VALUES (13,2019,1),(13,2020,1),(16,2019,1),(16,2020,1),(2,2019,6),(2,2020,6),(3,2019,7),(3,2020,7),(4,2019,8),(4,2020,8),(5,2019,9),(8,2019,10),(8,2020,10),(11,2019,11),(11,2020,11),(12,2019,12),(12,2020,12),(14,2019,13),(14,2020,13),(15,2019,14),(15,2020,14),(6,2019,16),(6,2020,16),(9,2019,17),(9,2020,18),(10,2019,20),(10,2020,21),(1,2019,24),(1,2020,24),(5,2020,24),(7,2019,25),(7,2020,25);
/*!40000 ALTER TABLE `course_details` ENABLE KEYS */;
UNLOCK TABLES;

--
-- Dumping data for table `exam`
--

LOCK TABLES `exam` WRITE;
/*!40000 ALTER TABLE `exam` DISABLE KEYS */;
INSERT INTO `exam` VALUES (101,1,2020,'2021-01-26'),(102,1,2020,'2021-02-15'),(103,1,2020,'2021-06-15'),(104,1,2020,'2021-07-23'),(105,1,2020,'2021-08-31'),(106,2,2020,'2021-01-28'),(107,2,2020,'2021-02-20'),(108,2,2020,'2021-06-20'),(109,2,2020,'2021-07-15'),(110,2,2020,'2021-09-02'),(1,3,2019,'2021-01-26'),(2,3,2019,'2021-02-05'),(111,3,2020,'2021-06-07'),(112,3,2020,'2021-07-08'),(113,3,2020,'2021-09-03'),(114,3,2020,'2022-01-26'),(115,3,2020,'2022-02-05'),(3,4,2019,'2021-01-13'),(4,4,2019,'2021-02-02'),(116,4,2020,'2021-06-18'),(117,4,2020,'2021-07-15'),(118,4,2020,'2021-09-08'),(119,4,2020,'2022-01-13'),(120,4,2020,'2022-02-02'),(121,5,2020,'2021-01-24'),(122,5,2020,'2021-02-14'),(123,5,2020,'2021-07-01'),(124,5,2020,'2021-07-20'),(125,5,2020,'2021-09-05'),(126,6,2020,'2021-01-29'),(127,6,2020,'2021-02-21'),(128,6,2020,'2021-06-19'),(129,6,2020,'2021-07-16'),(130,6,2020,'2021-09-02'),(5,7,2019,'2021-01-20'),(6,7,2019,'2021-02-11'),(131,7,2020,'2021-07-05'),(132,7,2020,'2021-07-18'),(133,7,2020,'2021-09-09'),(134,7,2020,'2022-01-20'),(135,7,2020,'2022-02-11'),(7,8,2019,'2021-01-09'),(8,8,2019,'2021-01-31'),(136,8,2020,'2021-06-17'),(137,8,2020,'2021-07-17'),(138,8,2020,'2021-09-08'),(139,8,2020,'2022-01-09'),(141,9,2020,'2021-01-16'),(142,9,2020,'2021-02-06'),(143,9,2020,'2021-06-15'),(144,9,2020,'2021-07-22'),(145,9,2020,'2021-08-30'),(146,10,2020,'2021-01-29'),(147,10,2020,'2021-02-19'),(148,10,2020,'2021-06-22'),(149,10,2020,'2021-07-10'),(150,10,2020,'2021-09-04'),(9,11,2019,'2021-01-14'),(10,11,2019,'2021-02-01'),(151,11,2020,'2021-06-07'),(152,11,2020,'2021-07-08'),(153,11,2020,'2021-09-04'),(154,11,2020,'2022-01-14'),(155,11,2020,'2022-02-01'),(11,12,2019,'2021-01-21'),(12,12,2019,'2021-02-20'),(156,12,2020,'2021-06-30'),(157,12,2020,'2021-07-16'),(158,12,2020,'2021-09-01'),(159,12,2020,'2022-01-21'),(160,12,2020,'2022-02-20'),(161,13,2020,'2021-01-17'),(162,13,2020,'2021-02-09'),(163,13,2020,'2021-07-02'),(164,13,2020,'2021-07-20'),(165,13,2020,'2021-09-10'),(166,14,2020,'2021-02-05'),(167,14,2020,'2021-02-21'),(168,14,2020,'2021-06-26'),(169,14,2020,'2021-07-12'),(170,14,2020,'2021-09-02'),(13,15,2019,'2021-01-21'),(14,15,2019,'2021-02-11'),(171,15,2020,'2021-07-05'),(172,15,2020,'2021-07-16'),(173,15,2020,'2021-09-10'),(174,15,2020,'2022-01-21'),(175,15,2020,'2022-02-11'),(15,16,2019,'2021-01-10'),(16,16,2019,'2021-01-30'),(176,16,2020,'2021-06-15'),(177,16,2020,'2021-07-12'),(178,16,2020,'2021-09-10'),(179,16,2020,'2022-01-10'),(180,16,2020,'2022-01-30');
/*!40000 ALTER TABLE `exam` ENABLE KEYS */;
UNLOCK TABLES;

--
-- Dumping data for table `exam_record`
--

LOCK TABLES `exam_record` WRITE;
/*!40000 ALTER TABLE `exam_record` DISABLE KEYS */;
/*!40000 ALTER TABLE `exam_record` ENABLE KEYS */;
UNLOCK TABLES;

--
-- Dumping data for table `exam_registration`
--

LOCK TABLES `exam_registration` WRITE;
/*!40000 ALTER TABLE `exam_registration` DISABLE KEYS */;
/*!40000 ALTER TABLE `exam_registration` ENABLE KEYS */;
UNLOCK TABLES;

--
-- Dumping data for table `major`
--

LOCK TABLES `major` WRITE;
/*!40000 ALTER TABLE `major` DISABLE KEYS */;
INSERT INTO `major` VALUES (1,'Laurea Triennale - Ingegneria Informatica'),(2,'Laurea Magistrale - Computer Science and Engineering'),(3,'Laurea Triennale - Ingegneria Elettronica'),(4,'Laurea Triennale - Ingegneria Matematica'),(5,'Laurea Triennale - Ingegneria Biomedica'),(6,'Laurea Triennale - Ingegneria Chimica'),(7,'Laurea Triennale - Ingegneria Gestionale'),(8,'Laurea Magistrale - Electronics Engineering'),(9,'Laurea Magistrale - Management Engineering'),(10,'Laurea Magistrale - Mathematical Engineering'),(11,'Laurea Magistrale - Telecommunication Engineering'),(12,'Laurea Triennale - Design degli Interni'),(13,'Laurea Triennale - Design della Comunicazione'),(14,'Laurea Triennale - Design della Moda'),(15,'Laurea Triennale - Design del Prodotto Industriale'),(16,'Laurea Magistrale - Design & Engineering'),(17,'Laurea Magistrale - Design della Comunicazione'),(18,'Laurea Magistrale - Interior and Spatial Design'),(19,'Laurea Triennale - Progettazione dell\'architettura'),(20,'Laurea a Ciclo Unico - Ingegneria Edile'),(21,'Laurea Magistrale - Architettura delle costruzioni'),(22,'Laurea Magistrale - Architecture and Urban Design');
/*!40000 ALTER TABLE `major` ENABLE KEYS */;
UNLOCK TABLES;

--
-- Dumping data for table `professor`
--

LOCK TABLES `professor` WRITE;
/*!40000 ALTER TABLE `professor` DISABLE KEYS */;
INSERT INTO `professor` VALUES (1,00000001),(2,00000002),(3,00000049),(4,00000050),(5,00000099),(6,00000100),(7,00000101),(8,00000102),(9,00000103),(10,00000104),(11,00000105),(12,00000106),(13,00000107),(14,00000108),(15,00000109),(16,00000110),(17,00000111),(18,00000112),(19,00000113),(20,00000114),(21,00000115),(22,00000116),(23,00000117),(24,00000118),(25,00000119),(26,00000120),(27,00000121),(28,00000122),(29,00000123),(30,00000124),(31,00000125),(32,00000126),(33,00000127),(34,00000128),(35,00000129),(36,00000130);
/*!40000 ALTER TABLE `professor` ENABLE KEYS */;
UNLOCK TABLES;

--
-- Dumping data for table `student`
--

LOCK TABLES `student` WRITE;
/*!40000 ALTER TABLE `student` DISABLE KEYS */;
INSERT INTO `student` VALUES (1,00000001,1),(2,00000001,2),(3,00000002,1),(4,00000003,1),(5,00000004,1),(6,00000005,1),(7,00000006,3),(8,00000007,3),(9,00000008,4),(10,00000009,4),(11,00000010,5),(12,00000011,5),(13,00000012,6),(14,00000013,6),(15,00000014,7),(16,00000015,7),(17,00000016,3),(18,00000016,8),(19,00000017,3),(20,00000017,8),(21,00000018,7),(22,00000018,9),(23,00000019,7),(24,00000019,9),(25,00000020,4),(26,00000020,10),(27,00000021,4),(28,00000021,10),(29,00000022,1),(30,00000022,2),(31,00000023,1),(32,00000023,2),(33,00000024,1),(34,00000024,11),(35,00000025,1),(36,00000025,11),(37,00000026,20),(38,00000027,20),(39,00000028,19),(40,00000029,19),(41,00000030,19),(42,00000030,21),(43,00000031,19),(44,00000031,21),(45,00000032,19),(46,00000032,22),(47,00000033,19),(48,00000033,22),(49,00000034,12),(50,00000035,12),(51,00000036,12),(52,00000036,18),(53,00000037,12),(54,00000037,18),(55,00000038,13),(56,00000039,13),(57,00000040,13),(58,00000040,17),(59,00000041,13),(60,00000041,17),(61,00000042,14),(62,00000043,14),(63,00000044,14),(64,00000045,15),(65,00000046,15),(66,00000047,15),(67,00000047,16),(68,00000048,15),(69,00000048,16),(70,00000051,1),(71,00000051,2),(72,00000052,1),(73,00000053,1),(74,00000054,1),(75,00000055,1),(76,00000056,3),(77,00000057,3),(78,00000058,4),(79,00000059,4),(80,00000060,5),(81,00000061,5),(82,00000062,6),(83,00000063,6),(84,00000064,7),(85,00000065,7),(86,00000066,3),(87,00000066,8),(88,00000067,3),(89,00000067,8),(90,00000068,7),(91,00000068,9),(92,00000069,7),(93,00000069,9),(94,00000070,4),(95,00000070,10),(96,00000071,4),(97,00000071,10),(98,00000072,1),(99,00000072,2),(100,00000073,1),(101,00000073,2),(102,00000074,1),(103,00000074,11),(104,00000075,1),(105,00000075,11),(106,00000076,20),(107,00000077,20),(108,00000078,19),(109,00000079,19),(110,00000080,19),(111,00000080,21),(112,00000081,19),(113,00000081,21),(114,00000082,19),(115,00000082,22),(116,00000083,19),(117,00000083,22),(118,00000084,12),(119,00000085,12),(120,00000086,12),(121,00000086,18),(122,00000087,12),(123,00000087,18),(124,00000088,13),(125,00000089,13),(126,00000090,13),(127,00000090,17),(128,00000091,13),(129,00000091,17),(130,00000092,14),(131,00000093,14),(132,00000094,14),(133,00000095,15),(134,00000096,15),(135,00000097,15),(136,00000097,16),(137,00000098,15),(138,00000098,16),(139,00000110,2),(140,00000111,2),(141,00000112,2),(142,00000113,2),(143,00000114,8),(144,00000115,8),(145,00000116,9),(146,00000117,9),(147,00000118,10),(148,00000119,10),(149,00000120,11),(150,00000121,11),(151,00000122,16),(152,00000123,16),(153,00000124,17),(154,00000125,17),(155,00000126,18),(156,00000127,18),(157,00000128,21),(158,00000129,21),(159,00000130,22);
/*!40000 ALTER TABLE `student` ENABLE KEYS */;
UNLOCK TABLES;

--
-- Dumping data for table `user`
--

LOCK TABLES `user` WRITE;
/*!40000 ALTER TABLE `user` DISABLE KEYS */;
INSERT INTO `user` VALUES (00000001,'Giovanni.D\'Angelo@mail.polimi.it','$2a$12$crck4UrbfLfrx3aSgbr0TO64CRLV/sydF4xfXYX5yDR4G8wYCGnDq','Giovanni','D\'Angelo'),(00000002,'Matilde.Ferri@mail.polimi.it','$2a$12$JBYqTR5wb1CzGCyKfnrH4.7uqOoOr2jr.WF7cMEWkJEDW2ialX/aq','Matilde','Ferri'),(00000003,'Diego.Fontana@mail.polimi.it','$2a$12$fPukbNAQV8.TcQHS2paTbOITIUcMJ3Nt4CZ8qGPyb9pnGx/PFguo.','Diego','Fontana'),(00000004,'Giulia.Esposito@mail.polimi.it','$2a$12$gUJloBWzIpuYVvbNUv46mu4LMaVxavsSHPYtjI8B1Z8bjcn6ElK2O','Giulia','Esposito'),(00000005,'Erica.Poletti@mail.polimi.it','$2a$12$EWYL.93qXF0Qls.aIyYjlOn/yO/1Sx3N4WKf2mE2L81hwmKqFegVe','Erica','Poletti'),(00000006,'Giovanni.Zanella@mail.polimi.it','$2a$12$as5qo8I5J/dhrddry3l6X.Aa9e7G1KU876paI8C9l.mcEWqNGiz9.','Giovanni','Zanella'),(00000007,'Enrico.Sala@mail.polimi.it','$2a$12$SJua6xhBA/RRYYo2w14kIug/AHHkra8TzdivCbKkANIYGLaeRgJMq','Enrico','Sala'),(00000008,'Maria.Martini@mail.polimi.it','$2a$12$JQWFWHz6/DqrlBZ5y2JOiu33dQ1ykAkKTmZp2czEm3zeYGexao66K','Maria','Martini'),(00000009,'Filippo.Gatti@mail.polimi.it','$2a$12$QvVGpEXk7ZOGIKb/CL.5OOI4/hT1EP6WiFcZb3nDCpcz.37HNfu46','Filippo','Gatti'),(00000010,'Giovanni.Gallo@mail.polimi.it','$2a$12$rgX0iR1FysyMLzxcQCQvSe09tjt44FS3boeuvAXeK1hp30asVZjSO','Giovanni','Gallo'),(00000011,'Alessandro.Martini@mail.polimi.it','$2a$12$J9H7Wh8HfiiA35Qxm6NDTeaUJ8NenNFSDkD8mWKG2EyPIWWnKp0r6','Alessandro','Martini'),(00000012,'Elisa.Ferri@mail.polimi.it','$2a$12$l0JgHKIUvNTRGiYdN0X89.oUINmkCf1D7hWcK33deuINAnQpVDf82','Elisa','Ferri'),(00000013,'Giulia.Mariani@mail.polimi.it','$2a$12$iE.9sAMCrTpSXE4mgxEzle0bDXwVSvzsrqrIT/2kk.IFl9oLvlPhG','Giulia','Mariani'),(00000014,'Martina.Gallo@mail.polimi.it','$2a$12$Koex9xKB5ZiZzN1uONWLkeGW6tiJu23fy3cCK8lt2tMTtYLIwfsiK','Martina','Gallo'),(00000015,'Matteo.Martini@mail.polimi.it','$2a$12$.dtLfT2HjXckgrV86Sr4Pe0qZJmxLSPmp98wBl.cXWiErygsxzJ1.','Matteo','Martini'),(00000016,'Greta.Poletti@mail.polimi.it','$2a$12$Td/wLlkJ6.br9fnqA7x1t.q.e/MmRXAFrGrr3w32O0HdQhtFqlalq','Greta','Poletti'),(00000017,'Daniele.Greco@mail.polimi.it','$2a$12$70kvl5PJHwrpDq5nsMYh5OffqSjc.MBPQ/rfLg/YEJugaHOETbXr6','Daniele','Greco'),(00000018,'Tommaso.Marini@mail.polimi.it','$2a$12$.whoo4auux.6Ias4GcLi8uhkw2K5bC1HvkVCpY4SJspiFOTxDEuVq','Tommaso','Marini'),(00000019,'Anna.Fabbri@mail.polimi.it','$2a$12$UkYh8mmnTwU1j41LPkz9su7SEFVbPK20VnNSNe64abksKLx4iVdYi','Anna','Fabbri'),(00000020,'Enrico.Ferri@mail.polimi.it','$2a$12$.Hp1fOCDTeO79TJ5jbjISeQaOiqqHKpe7qLMtS.DNju6zlkP7YgT2','Enrico','Ferri'),(00000021,'Emma.Esposito@mail.polimi.it','$2a$12$Rsv6mIqB6ayCXhxipQkP0eReIsxkPiiHkk8IGj/fBmaBDUJd6cN.K','Emma','Esposito'),(00000022,'Ginevra.Serra@mail.polimi.it','$2a$12$6j.66BqkfdcAKWJVeKCCUe.oYjbJNrtmuHkCg8niStH.YVAcNZl7O','Ginevra','Serra'),(00000023,'Noemi.Ferrari@mail.polimi.it','$2a$12$De1Z7kvZvYcF3/NDrUopjOsV2WnVHzVQrmgOIm1vCQPoYpeXHqBBy','Noemi','Ferrari'),(00000024,'Francesca.Bernardi@mail.polimi.it','$2a$12$eBtcm6vLYx3pAc7ZOXDNvOAruXckg6F4bD0elFRmoRNbb3eoetwZe','Francesca','Bernardi'),(00000025,'Aurora.Pace@mail.polimi.it','$2a$12$fvU3qSfOlqqOFIuXth0Tv.HIxh77EwmW54H/9N.ND.nBHKQQiGhaG','Aurora','Pace'),(00000026,'Anna.Sartori@mail.polimi.it','$2a$12$SfbRUtTy2W/hP2lHlhHWQevd0K/5KeqZuPN8qnT50NJE.Q6V9VRd.','Anna','Sartori'),(00000027,'Elisabetta.Moretti@mail.polimi.it','$2a$12$lOMY7rmx4nUNoscX/ppXEeq/WrpdxS5HzY97qdvkuKf85sK1Ms54G','Elisabetta','Moretti'),(00000028,'Noemi.Rossetti@mail.polimi.it','$2a$12$CRvBc0ovPp4AQMZP6Ao4A.msda7w4VkjB0AMsWNOAIIoEWzqO5Kjm','Noemi','Rossetti'),(00000029,'Samuele.Rossetti@mail.polimi.it','$2a$12$2kVNStYN0B8/Iuom6epXQ.JbPMsOlQ5R3.1HmXMJ6rpCGnqTJBgN2','Samuele','Rossetti'),(00000030,'Diego.Pellegrini@mail.polimi.it','$2a$12$oFcEsxT.dyCV6wDNpaXrqupXJrpA0cY34qiAUUn89u5KGfe3iY2bC','Diego','Pellegrini'),(00000031,'Elisabetta.Longo@mail.polimi.it','$2a$12$K6k9iZERV7JyVwsRi6Kdbenbga9KvXroMEFHWKUOW1msradU/Ra7y','Elisabetta','Longo'),(00000032,'Federico.Rizzi@mail.polimi.it','$2a$12$xCaf77T/bjFaWA83vhEMP.GIvg/ytYi7KnU5fu97vsQ3ILj2WYjGO','Federico','Rizzi'),(00000033,'Alice.Greco@mail.polimi.it','$2a$12$nf7bQTg0dwSbuRbM07XYN.ezTshQnEvVRwp.hi0yMmC9R2wDf4zzC','Alice','Greco'),(00000034,'Riccardo.Parodi@mail.polimi.it','$2a$12$p41/ouLVWibYjHQQgFsZ/OdczBYP5XlZIdU4x7IRMMBM2ErGwQm1i','Riccardo','Parodi'),(00000035,'Sara.Longo@mail.polimi.it','$2a$12$2JLnIjGH.3Q0e6dkYIlQj.12hilibPv3qtAtvM0ZiGQvJlSjwrAtG','Sara','Longo'),(00000036,'Daniele.Pacini@mail.polimi.it','$2a$12$6HgTovHEZb4oCnJscX1TCObOVxdwyD2HzU5VeljzSdj7CKd6gZGQC','Daniele','Pacini'),(00000037,'Chiara.Gori@mail.polimi.it','$2a$12$CjjQvx1TDKYDchEVGZgrKeuz9ig75fGFjmZyX5WCaVuE38Y5ZL8AK','Chiara','Gori'),(00000038,'Francesca.Giordano@mail.polimi.it','$2a$12$aHYC8XHb.R0nt.EHb.1uO.2Xy.zaik8.8AHKtiml5ltdRs.IRgK.u','Francesca','Giordano'),(00000039,'Leonardo.Marchetti@mail.polimi.it','$2a$12$5rNft0chb15bpwz3W4IKS.iYR7fW.uTtcmqtZH5hXU/1PP0n53pr6','Leonardo','Marchetti'),(00000040,'Giulia.Ferrara@mail.polimi.it','$2a$12$FPC3y8l1T5/q8ptHQM4Iv.vzGYs5Q10vBf1Eu3T6GfKHV1NuMWeTC','Giulia','Ferrara'),(00000041,'Leonardo.Leone@mail.polimi.it','$2a$12$uJXBZKBEpzHbWrx9.7elIedYXl9WUXeoNriaA8DzIPqt3VRH3nmUW','Leonardo','Leone'),(00000042,'Anna.Farina@mail.polimi.it','$2a$12$SLG58hRtjBlbGiXykYQxyu6/6py866K7ObhPhavjXEcNRkp4Zqmti','Anna','Farina'),(00000043,'Lorenzo.Marino@mail.polimi.it','$2a$12$O1dQ0a5Tk/gi7YSm1XPDYuAeL6yoaKEIhwhOV7ooZ8d02EtpCjSKC','Lorenzo','Marino'),(00000044,'Elisa.Gallo@mail.polimi.it','$2a$12$v7AhG0EEOJ3RRhU8q1QDQuXtEejAu/pL9CCDRBmcadetQryZHtv32','Elisa','Gallo'),(00000045,'Marco.Giordano@mail.polimi.it','$2a$12$44s17MB4/2HNsLCCy4bp1.plWvkqXdZO1H4R1WiYpSO3w7/qUnZrC','Marco','Giordano'),(00000046,'Giovanni.Poletti@mail.polimi.it','$2a$12$7nO74K1tQSVyH/nzkXxB9e6.XzRJltRLjZbEJ/g46NFOcsTc.bmMG','Giovanni','Poletti'),(00000047,'Aurora.Romano@mail.polimi.it','$2a$12$3g7P4VZPn3zKtSporFAmBuEXsRXnsSkA0UyH7u2FEFNwXxiDcVYiS','Aurora','Romano'),(00000048,'Samuele.Marchetti@mail.polimi.it','$2a$12$gtFjc0Za6UcBmp7SLnKhP.7zl0KMYcvC/uCjwiLnwwiUBcU3t/hLO','Samuele','Marchetti'),(00000049,'Lorenzo.Bisio@mail.polimi.it','$2a$12$xry4JaT5smT/Q4ixIOX49en1UR4Gv4OwUOzCSjQM1NI9XsrXMhyve','Lorenzo','Bisio'),(00000050,'Simone.Ricci@mail.polimi.it','$2a$12$9qja9DnceyJZ5PFCSjGuAuFV98RLl6mG/e86ewdmJJXZniBDXltpe','Simone','Ricci'),(00000051,'Davide.Leone@mail.polimi.it','$2a$12$KO.8wrDDwoLKwW5Q43IyxO9DiRbCru368Ux0YbrZ8pz4th13f6dv6','Davide','Leone'),(00000052,'Beatrice.Marini@mail.polimi.it','$2a$12$Rt9BG5TGtVbYvPpHAO0FqurLLoUS7bR0Ujlel/sGYmQ.4Pgd1IO9C','Beatrice','Marini'),(00000053,'Caterina.Ferrari@mail.polimi.it','$2a$12$abiycl4zntW1NsafPkoxnumVViddgp9C8KOri.Op2QOrMqqJD2hoa','Caterina','Ferrari'),(00000054,'Luca.Gallo@mail.polimi.it','$2a$12$o.x24ODH5UrEQD89zqmpXuXlMqtm1/3XIDpFesPvLw2RGBQq.UjTq','Luca','Gallo'),(00000055,'Ginevra.Marini@mail.polimi.it','$2a$12$96k2QwvdtH22w3n3KijOyOABbG4SDA1bbgZuZB.OjEXhM4eBld3zu','Ginevra','Marini'),(00000056,'Antonio.Gori@mail.polimi.it','$2a$12$nDHSJacU7UhVtwWs4iohM.nIvTElSSGDE2JG1gTIj5qGeo0g9tTfC','Antonio','Gori'),(00000057,'Alessandro.Serra@mail.polimi.it','$2a$12$3MWyqL1qGIE.efSAeOWs0e/lo519361j1Na0VoRkrHC.wP5XYvdH.','Alessandro','Serra'),(00000058,'Matteo.Pellegrini@mail.polimi.it','$2a$12$lhbaNCQTgsK5FYifsULSc.hsL6I7tfF6tGtDRW3cS5HTL3AuYDnGC','Matteo','Pellegrini'),(00000059,'Diego.Ricci@mail.polimi.it','$2a$12$jmKjJAzJBS.D9f8E4OlAauk8oCti4eo2SuVv7n3iv6pMXoVOG5jOC','Diego','Ricci'),(00000060,'Elisa.Serra@mail.polimi.it','$2a$12$66FeP7ZImeVZE0kg6.Deiedwaf.A4dutzkMDd3/mOOwovEvjwAA/O','Elisa','Serra'),(00000061,'Ginevra.Melis@mail.polimi.it','$2a$12$VyM/q3fNJ79NBAT0wdgMguVYFFBzXtq7GpkYpPG5bgtSUN41ITLRy','Ginevra','Melis'),(00000062,'Diego.Bernardi@mail.polimi.it','$2a$12$JpRzgns1N1eVE0R3m.vrtujdOQS.clX70cHhAxwP9dVSPXWHtvORe','Diego','Bernardi'),(00000063,'Matilde.Serra@mail.polimi.it','$2a$12$JWjWIOAzVT7NSCeH5jS/S.Mh4Y9bZnTiYvptTDl8aO2iCmfwZ1jNi','Matilde','Serra'),(00000064,'Maria.Mariani@mail.polimi.it','$2a$12$zf8lFfNBPp2lWzsEBLt5g.vO..eUa/q6ehxmEmBAUnU/5SVX.09Ge','Maria','Mariani'),(00000065,'Antonio.Marchetti@mail.polimi.it','$2a$12$VI3LmwrJlRo5L8Xub12RXePgyHNg6xL1FF62syGebsqNJC1agoUxS','Antonio','Marchetti'),(00000066,'Matilde.Grassi@mail.polimi.it','$2a$12$ONObVcJdPvMTTTd.I9c80eJs7LL9Ym.BMfc9mEO4kODKrF0vG8aA2','Matilde','Grassi'),(00000067,'Elisa.Milani@mail.polimi.it','$2a$12$m4aWAG1Hmjm06reVtRBirePxO7BUDUKeX3IGJEwxwq9TzInmMhDXq','Elisa','Milani'),(00000068,'Giovanni.Costa@mail.polimi.it','$2a$12$z1iqvGetb2.bCOh4cNydt.HDGfYyBpf999NX99BKFVqZm6eqHmsri','Giovanni','Costa'),(00000069,'Elisabetta.Marino@mail.polimi.it','$2a$12$Ir4YDfRDDMNkLgZumACm5.WgiIBXP3MKynAsEQpXWavPwYOqkf6w6','Elisabetta','Marino'),(00000070,'Sofia.Marini@mail.polimi.it','$2a$12$erjR3eoWGYCB4rVbd0wCaeeszfWam88Rlx0Msmjiqh.55xzGGRuBi','Sofia','Marini'),(00000071,'Sofia.Melis@mail.polimi.it','$2a$12$QSH.AwJBSEo8rz5G1ErFBeAjsG7UlzxZulx1KRRB2xLwzKmw2b59O','Sofia','Melis'),(00000072,'Caterina.Barbieri@mail.polimi.it','$2a$12$gW8Xi0DewdmTs9XFAIbwE.U6jAstVOw1PaEzAUb8Ejdxv52.ICWnK','Caterina','Barbieri'),(00000073,'Edoardo.D\'Angelo@mail.polimi.it','$2a$12$04J7x7gYCC8fbRV3NGs8Xu7mn1ACA9JowskaNhl.MK78/iqBHDndm','Edoardo','D\'Angelo'),(00000074,'Greta.Lombardi@mail.polimi.it','$2a$12$aLEK15GAPbBXu8S.aKuU1eZwJrDdy.xZucUEYp923Y/KgI4e66372','Greta','Lombardi'),(00000075,'Giorgio.Marino@mail.polimi.it','$2a$12$xRmYLnxAmO1ATAOqz14M/eg2b1CaYUYoQsjYi25tpm5CssdX6htKy','Giorgio','Marino'),(00000076,'Lorenzo.Galli@mail.polimi.it','$2a$12$f3KOoZhNo0PlyzwWOqegsugqwjiTGlrTmnO8xzeBGSHcrrVrMliOC','Lorenzo','Galli'),(00000077,'Alessia.Barbieri@mail.polimi.it','$2a$12$7BSmYaY1RXPgLuUrzTY8eOOwp4bwN6mVxsa2LVMNDHD9bVlCFgZqa','Alessia','Barbieri'),(00000078,'Giada.Bianchi@mail.polimi.it','$2a$12$.s7yGST4UMN3g/vR73kuMOpzNhdqQWjE7gKdJCeU3rOWTy.cAEqeW','Giada','Bianchi'),(00000079,'Sara.Ferri@mail.polimi.it','$2a$12$tRL8.51cP/Ys8ED1YDXBFO6ipXHIfAMFE1b3zDG7/SN24lhkxYS0G','Sara','Ferri'),(00000080,'Greta.Morelli@mail.polimi.it','$2a$12$MT0pwd39kY3R1Dd2pF2qcugMG8vPbWkyLWt8/t3Y2AT3YSTYsQDrO','Greta','Morelli'),(00000081,'Maria.Colombo@mail.polimi.it','$2a$12$dydQNtWFkXtCm9hfr.l9uOrHJ.Ovm7OeZM66cS8GrDADSKZOOOqji','Maria','Colombo'),(00000082,'Matilde.D\'Angelo@mail.polimi.it','$2a$12$H6nVcs2reZDHU6ywzLHIxuuum1LBXyxlbX3wK//GMSEm93EcLFb1S','Matilde','D\'Angelo'),(00000083,'Francesca.Sanna@mail.polimi.it','$2a$12$rHTtpkKxpHwpXFFHBir4ReZFxFtP1wPliRrBrHLAoVinBhRFqOEYy','Francesca','Sanna'),(00000084,'Diego.Ferraro@mail.polimi.it','$2a$12$cmz3/ox4TaMhz5HkyrjFY.muywoN7iNWvqbBU7g3PPzzAz6zseJz6','Diego','Ferraro'),(00000085,'Gaia.Martinelli@mail.polimi.it','$2a$12$gs63AI1xSJFy2P2lBVNfKOzm7ja3flQs2TkslHYIMhFIxUK9iDxOy','Gaia','Martinelli'),(00000086,'Enrico.Poletti@mail.polimi.it','$2a$12$u9FmFqssN4EAljEqyX3aW.v7dzF7ChrljyYb4ox13VaRzWa/Li8PS','Enrico','Poletti'),(00000087,'Diego.Mancini@mail.polimi.it','$2a$12$S.cYl1wP6r.S4vxUqgBOhO7IGfSi4YqOcK7COT.wGLDMAiCckQoji','Diego','Mancini'),(00000088,'Diego.Esposito@mail.polimi.it','$2a$12$sMjGYKrNeZT8rJhh98QU1uouZ4kSF48pKxJZZF7bW5S3QusJJce6C','Diego','Esposito'),(00000089,'Giorgia.Bruno@mail.polimi.it','$2a$12$bN20muNDvepVfABTVx4Il.5hJ0CoeNcLZiLtDQYxmuZ9gdJYJ2Azi','Giorgia','Bruno'),(00000090,'Alessandro.Morelli@mail.polimi.it','$2a$12$k7too7Jirjci8Tbz3zvSmOBYUwbNHrTEgclb2WUWyc1ViAByoXyA.','Alessandro','Morelli'),(00000091,'Diego.Pacini@mail.polimi.it','$2a$12$vGJA2sH2iIsX3EaQ7OP7VuJHNRzSxJuIInk/GzDOz38tg.Urmu/NK','Diego','Pacini'),(00000092,'Giorgio.Russo@mail.polimi.it','$2a$12$S5LH9.LAqTJm3hVEt6MeQuoG0fL2tW3KRm4tz1wargU0oX6T92Y6.','Giorgio','Russo'),(00000093,'Sara.Ferrari@mail.polimi.it','$2a$12$gC8lyQNPOXR4olxwL8yjJeVVvAA77pYutxaZ3gZcSzwIW1p5cxdq.','Sara','Ferrari'),(00000094,'Simone.Mariani@mail.polimi.it','$2a$12$fgNMvzGD4ySeBFWUoRskROxlRUXDMFSo5Yfcjp9EHtIzsK/PBKbnK','Simone','Mariani'),(00000095,'Giada.Santoro@mail.polimi.it','$2a$12$jj1o6uy6TOHMk2bBsPNY9.X5AJs6bo.2O0LdyNnRUHalMjfCB6sO6','Giada','Santoro'),(00000096,'Daniele.Pace@mail.polimi.it','$2a$12$y.089hwLfwkk1zmZEu34.eyuYKNv6rJA1yUf1uazo22ZiF1qIQCLS','Daniele','Pace'),(00000097,'Gaia.Gori@mail.polimi.it','$2a$12$kcIfBnhNxqhxn4BYFciq6OP2S8qNmu6zqLxvZiicTlevBqOGCZQU6','Gaia','Gori'),(00000098,'Daniele.Poletti@mail.polimi.it','$2a$12$LFeUU11mijWWelaXfzD4heRZWqvbSUvf71jy1fZqWNraPSNxZRNSm','Daniele','Poletti'),(00000099,'Vittoria.Ferrara@mail.polimi.it','$2a$12$SYcraf.3D1lag71WWeIJ9e9vYNNu00CZvCn9AHrNhZSjIu0Q8LhpG','Vittoria','Ferrara'),(00000100,'Alessia.Russo@mail.polimi.it','$2a$12$sPJQG0W8uAUB4IsQFrwJg.44hHcfmqu73m2jYdbpvMT3rOjeIn12O','Alessia','Russo'),(00000101,'Davide.Pacini@mail.polimi.it','$2a$12$jlZyggtUlHWMWgT4.FcvC.e8nHTmO16G/bkfDsarm3qmbjygSxbPG','Davide','Pacini'),(00000102,'Marco.Conte@mail.polimi.it','$2a$12$GJ3MAaresqgeNl1shT4Pnu/CQE7ZnnxydRkxRr/B1K/DpHORZBef.','Marco','Conte'),(00000103,'Greta.Gatti@mail.polimi.it','$2a$12$6BBMDtLrTypDM1WZ.I7HfOTzOPqsNRCuPn1/g5HYaCFSSHQ7GiOVi','Greta','Gatti'),(00000104,'Ginevra.Conti@mail.polimi.it','$2a$12$60luB9SVuSkoTf9.XbpkuOcO8yJniqDd/QWU05LLFHPdQoBtaQdPC','Ginevra','Conti'),(00000105,'Samuele.Parodi@mail.polimi.it','$2a$12$/eNKsYZebdpphQT8WUqnBOCv4/5Dl4txev3yVXpi2fcrsf9MG6Iem','Samuele','Parodi'),(00000106,'Margherita.Conti@mail.polimi.it','$2a$12$BdCCK9Zpi4SpsWTAXiJhqeGtcyDZR2C16EzSMgQsB5Xwj69bBmaK.','Margherita','Conti'),(00000107,'Filippo.Ferrara@mail.polimi.it','$2a$12$ltrcGM5hPIyw2N4.bCh/fu46od2NPPs.MzJepRiA3bAl.lqeia55S','Filippo','Ferrara'),(00000108,'Francesca.Mariani@mail.polimi.it','$2a$12$iG46HXRa7LoRwDQroLh/xevpyJubYtgp/kGMGcep1ahrg1OluDoZO','Francesca','Mariani'),(00000109,'Andrea.Mancini@mail.polimi.it','$2a$12$tDFUg5Xs8c6ErQMABeCxSuT7hlH.XEiGA96vsh8d7ERn.LL4DTcfu','Andrea','Mancini'),(00000110,'Edoardo.Longo@mail.polimi.it','$2a$12$A0TgGTiEdoU/MrkxIWzLTOOhQNWQcu90uIFZQhNNQG1Y7PorHGeQi','Edoardo','Longo'),(00000111,'Guido.Sartori@mail.polimi.it','$2a$12$aWYHs9d5zUk.OGKl50mr2eECaSJrHjYH41DFK38x87Ly5ThAXpWty','Guido','Sartori'),(00000112,'Francesca.Mazza@mail.polimi.it','$2a$12$Xb4siFNqLSX15bhcjkGV3O5Ns7J8/K8RoR1LyaF7nRuHtxM5KYp/y','Francesca','Mazza'),(00000113,'Paolo.Rossi@mail.polimi.it','$2a$12$gWoqhxwc2ks.0Ihru.ybkO3pJajpQBiadGeCPIeRuQScq3BaQR71a','Paolo','Rossi'),(00000114,'Davide.Bianco@mail.polimi.it','$2a$12$aEeRb.RIRc8rABRu3i7OZenRU.MhzuVBaVr0f/t44zbrZLzMx7Yey','Davide','Bianco'),(00000115,'Giovanni.Testa@mail.polimi.it','$2a$12$/eVYb2bs1hFx42njrWRQ5ufKQ4DGZRnjkRdDSJy4N8bPJkOouPe6e','Giovanni','Testa'),(00000116,'Tommaso.Giordano@mail.polimi.it','$2a$12$jl/6qQSy/W5nlSvumkv8xeHYmneRDM0IEUtbTZ8P1ZnDsm2fTP4OC','Tommaso','Giordano'),(00000117,'Sofia.Basile@mail.polimi.it','$2a$12$s38bgyza/s9oVveuDng/vOqCKyrg.YGA3dFdCTWyayQkFAdO/bWi2','Sofia','Basile'),(00000118,'Martina.Parodi@mail.polimi.it','$2a$12$UzqwGrMFFAdzOdFT7lhw6OgGSj0kVfDbYHHp3Kb7NakWwdGxPCjRa','Martina','Parodi'),(00000119,'Mattia.Serra@mail.polimi.it','$2a$12$.FdsL/tUQMsyvnRtzv9.FOeWIl.ZllVAc3VrePhNER/uHjVTPr7PG','Mattia','Serra'),(00000120,'Ginevra.Romano@mail.polimi.it','$2a$12$dVHPlszFS06v2kaoaTjBMuCrqXgqKiT5WR0OKke9G.4ddZdt8.NNy','Ginevra','Romano'),(00000121,'Matteo.Parodi@mail.polimi.it','$2a$12$fAc2t2r2OJHkbn9lRIOne.hqiONx5MQ1T3xplLe.Op/gx/jc.IvS6','Matteo','Parodi'),(00000122,'Daniele.Barbieri@mail.polimi.it','$2a$12$8kz0gplbTew30UYgut/LN.8AVVmSjjY6NNa1qCFcRSGQ6Zx9yVYA.','Daniele','Barbieri'),(00000123,'Niccolo.Bruno@mail.polimi.it','$2a$12$wyGuxYKDKkT0HRnnnQXKkeLjzu/wfqEkrhSDjaHbXEFcoq/aJQuX6','Niccolo','Bruno'),(00000124,'Sofia.Bianchi@mail.polimi.it','$2a$12$18.kgpeaiV/y4Nrgk6Ckp.cTWf4RgvpfimPb6lzuVwAjNvRpTaRZ2','Sofia','Bianchi'),(00000125,'Edoardo.Colombo@mail.polimi.it','$2a$12$W1wj675NlHcFwYvZKA4Yv.aLvWM1dov.dACVwPO5naxfffN9k5noC','Edoardo','Colombo'),(00000126,'Gaia.Ricci@mail.polimi.it','$2a$12$iOUSWKKjfe71F93rEB2PB.xwMOFsofJZP9c84Y9abHI1.giynfEP.','Gaia','Ricci'),(00000127,'Sofia.Serra@mail.polimi.it','$2a$12$pBz2k31b5vYOU6sYc4DEauRRhtj8zCb9ZvBiI1GI3sCALDrlavENu','Sofia','Serra'),(00000128,'Giuseppe.Pace@mail.polimi.it','$2a$12$ENBnwI78q3reQJM0fZ1mEulQWDYC.b0YiTDsxXVhDnH4Zxntghsw.','Giuseppe','Pace'),(00000129,'Alice.Romano@mail.polimi.it','$2a$12$JFJ0YBdx2FPV9Sht84Eb3eFDQYESSJoOSbi3DRZUic7QVMWZcPI.q','Alice','Romano'),(00000130,'Filippo.Marini@mail.polimi.it','$2a$12$PoiE6kBCFcx4BnGjfGynIuUO2NRAqgIY3IeOB9UxXpZ1xG7t2BIE2','Filippo','Marini');
/*!40000 ALTER TABLE `user` ENABLE KEYS */;
UNLOCK TABLES;
/*!40103 SET TIME_ZONE=@OLD_TIME_ZONE */;

/*!40101 SET SQL_MODE=@OLD_SQL_MODE */;
/*!40014 SET FOREIGN_KEY_CHECKS=@OLD_FOREIGN_KEY_CHECKS */;
/*!40014 SET UNIQUE_CHECKS=@OLD_UNIQUE_CHECKS */;
/*!40101 SET CHARACTER_SET_CLIENT=@OLD_CHARACTER_SET_CLIENT */;
/*!40101 SET CHARACTER_SET_RESULTS=@OLD_CHARACTER_SET_RESULTS */;
/*!40101 SET COLLATION_CONNECTION=@OLD_COLLATION_CONNECTION */;
/*!40111 SET SQL_NOTES=@OLD_SQL_NOTES */;

-- Dump completed on 2021-04-30 12:35:21
